{
  "Revenue": [
    365817000000.0,
    394328000000.0,
    383285000000.0,
    391035000000.0,
    399821563877.7172,
    408805562012.66766,
    417991430756.3617
  ],
  "Gross Profit": [
    152836000000.0,
    170782000000.0,
    169148000000.0,
    180683000000.0,
    175474469845.76694,
    179417384516.3422,
    183448896554.461
  ],
  "EBITDA": [
    108949000000.0,
    119437000000.0,
    114301000000.0,
    123216000000.0,
    121396099666.86765,
    124123872332.30338,
    126912938101.34552
  ],
  "Net Income": [
    84532750000.0,
    92353750000.0,
    88605500000.0,
    95273250000.0,
    97553245196.98647,
    100161198495.28229,
    102827752553.72894
  ],
  "Gross Margin": [
    0.4177935962516778,
    0.43309630561360085,
    0.4413112957720756,
    0.4620634981523393,
    0.4388819556001603,
    0.4388819556001603,
    0.43888195560016025
  ],
  "Net Margin": [
    0.23107933748294912,
    0.23420540768091538,
    0.23117393062603545,
    0.2436437914764663,
    0.24399195543845775,
    0.2450093829500749,
    0.2460044512579136
  ],
  "Selling General And Administration": [
    21973000000.0,
    25094000000.0,
    24932000000.0,
    26097000000.0,
    25559980925.04459,
    26134314181.94266,
    26721552718.032707
  ],
  "Research and Development": [
    21914000000.0,
    26251000000.0,
    29915000000.0,
    31370000000.0,
    28518389253.8547,
    29159198002.096153,
    29814405735.08277
  ],
  "Cost of Goods Sold": [
    212981000000.0,
    223546000000.0,
    214137000000.0,
    210352000000.0,
    224347094031.9503,
    229388177496.32547,
    234542534201.9007
  ],
  "Tax Provision": [
    24416250000.0,
    27083250000.0,
    25695500000.0,
    27942750000.0,
    23842854469.88118,
    23962673837.021084,
    24085185547.616585
  ],
  "Tax Rate for Calcs": [
    0.25,
    0.25,
    0.25,
    0.25,
    0.25,
    0.25,
    0.25
  ],
  "Operating Expenses": [
    43887000000.0,
    51345000000.0,
    54847000000.0,
    57467000000.0,
    54078370178.89929,
    55293512184.03882,
    56535958453.11548
  ],
  "Operating Income": [
    97665000000.0,
    108333000000.0,
    102782000000.0,
    111771000000.0,
    95371417879.52472,
    95850695348.08434,
    96340742190.46634
  ],
  "Accounts Receivable": [
    26278000000.0,
    28184000000.0,
    29508000000.0,
    33410000000.0,
    30584637100.20525,
    31271874476.80262,
    31974554090.30622
  ],
  "Accounts Payable": [
    54763000000.0,
    64115000000.0,
    62611000000.0,
    68960000000.0,
    65257213981.166336,
    66723544818.88515,
    68222824138.3805
  ],
  "Inventory": [
    6580000000.0,
    4946000000.0,
    6331000000.0,
    7286000000.0,
    6551282421.2852335,
    6698489861.733245,
    6849005056.164333
  ],
  "Capital Expenditure": [
    -11085000000.0,
    -10708000000.0,
    -10959000000.0,
    -9447000000.0,
    -10995408936.714613,
    -11242475984.38059,
    -11495094633.300667
  ],
  "Gross PPE": [
    119810000000.0,
    114457000000.0,
    114599000000.0,
    119128000000.0,
    130123408936.71461,
    141365884921.0952,
    152860979554.39587
  ],
  "Net PPE": [
    119128000000.0,
    114599000000.0,
    114457000000.0,
    119810000000.0,
    104098727149.37169,
    87068026149.53325,
    67990924871.95473
  ],
  "Total Assets": [
    254212000000.0,
    258376000000.0,
    247297000000.0,
    239711000000.0,
    343997069781.7699,
    438458125616.4107,
    535416060193.06995
  ],
  "Depreciation": [
    11284000000.0,
    11104000000.0,
    11519000000.0,
    11445000000.0,
    26024681787.342926,
    28273176984.219044,
    30572195910.879177
  ],
  "Total Debt": [
    136522000000.0,
    132480000000.0,
    111088000000.0,
    106629000000.0,
    126819935123.31572,
    129669581474.48369,
    132583259433.29149
  ],
  "Current Debt": [
    15613000000.0,
    21110000000.0,
    15807000000.0,
    20879000000.0,
    19127514268.94673,
    19557309877.89746,
    19996763002.345287
  ],
  "Long Term Debt": [
    109106000000.0,
    98959000000.0,
    95281000000.0,
    85750000000.0,
    101383199498.56416,
    103661281917.0727,
    105990552890.79733
  ],
  "Total Liabilities": [
    191285000000.0,
    196595000000.0,
    173699000000.0,
    175589000000.0,
    192077149104.48206,
    196393126293.36884,
    200806083571.672
  ],
  "Cash Financial": [
    2645000000.0,
    2931000000.0,
    3933000000.0,
    0.0,
    6340996756.165787,
    6483479073.724185,
    6629162971.664575
  ],
  "Interest Income": [
    2843000000.0,
    2825000000.0,
    3750000000.0,
    0.0,
    9054121155.545385,
    8436080323.855489,
    8693901076.332617
  ],
  "Common Stock": [
    57365000000.0,
    64849000000.0,
    73812000000.0,
    83276000000.0,
    83276000000.0,
    83276000000.0,
    83276000000.0
  ],
  "Dividends Paid": [
    -14467000000.0,
    -14841000000.0,
    -15025000000.0,
    -15234000000.0,
    -9755324519.698647,
    -10016119849.528229,
    -10282775255.372894
  ],
  "Retained Earnings": [
    5562000000.0,
    -3068000000.0,
    -214000000.0,
    -19154000000.0,
    68643920677.28782,
    158788999323.04187,
    251333976621.39792
  ],
  "Total Equity": [
    62927000000.0,
    61781000000.0,
    73598000000.0,
    64122000000.0,
    151919920677.2878,
    242064999323.04187,
    334609976621.39795
  ],
  "Net Income from Continuing Operations": [
    84532750000.0,
    92353750000.0,
    88605500000.0,
    95273250000.0,
    97553245196.98647,
    100161198495.28229,
    102827752553.72894
  ],
  "Cash Flow From Continuing Investing Activities": [
    -11085000000.0,
    -10708000000.0,
    -10959000000.0,
    -9447000000.0,
    -10995408936.714613,
    -11242475984.38059,
    -11495094633.300667
  ],
  "Cash Flow From Continuing Operating Activities": [
    117721750000.0,
    134442750000.0,
    126896500000.0,
    134982250000.0,
    151699221444.00525,
    157187555959.85062,
    162799213456.51807
  ],
  "Cash Flow From Continuing Financing Activities": [
    0,
    -11399000000.0,
    -27454000000.0,
    -10229000000.0,
    10435610603.617073,
    -7166473498.36026,
    -7369097296.565094
  ],
  "Depreciation and Amortization": [
    11284000000.0,
    11104000000.0,
    11519000000.0,
    11445000000.0,
    26024681787.342926,
    28273176984.219044,
    30572195910.879177
  ],
  "Changes in Accounts Receivable": [
    -10125000000.0,
    -1823000000.0,
    -1688000000.0,
    -3788000000.0,
    2825362899.79475,
    -687237376.5973701,
    -702679613.5036011
  ],
  "Changes in Accounts Payable": [
    12326000000.0,
    9448000000.0,
    -1889000000.0,
    6020000000.0,
    3702786018.833664,
    -1466330837.718811,
    -1499279319.4953537
  ],
  "Changes in Inventory": [
    -2642000000.0,
    1484000000.0,
    -1618000000.0,
    -1046000000.0,
    734717578.7147665,
    -147207440.4480114,
    -150515194.43108845
  ],
  "Changes in Cash": [
    106636750000.0,
    112335750000.0,
    88483500000.0,
    115306250000.0,
    151139423110.9077,
    138778606477.10977,
    143935021526.6523
  ]
}